iter	Logloss
0	0.3420800928
1	0.2109811752
2	0.1430949719
3	0.1057056454
4	0.08427648132
